playoff,year,tmID,lost,o_reb,home_win_pct,away_win_pct,conf_win_rate,scoring_efficiency,reb_efficiency,defensive_pts_efficiency,def_reb_efficiency,off_reb_efficiency,ast_to_ratio,steals_per_game,blocks_per_game,playoff_win_pct
N,9,ATL,30,1077,0.0588235294117647,0.1764705882352941,0.1,1.1222320637732506,0.4769707705934455,84.67647058823529,0.5612244897959183,0.4769707705934455,0.8296795952782462,8.382352941176471,4.176470588235294,1.0
Y,10,ATL,16,1259,0.7058823529411765,0.3529411764705882,0.4545454545454545,1.17833607907743,0.5185337726523888,82.26470588235294,0.4968260685569192,0.5185337726523888,0.9271186440677966,9.676470588235292,3.5588235294117645,0.3333333333333333
N,1,CHA,24,935,0.3125,0.1875,0.238095238095238,1.1487125591171834,0.4913294797687861,75.90625,0.5129533678756477,0.4913294797687861,1.1108870967741935,6.9375,2.8125,0.5
Y,2,CHA,14,948,0.6875,0.4375,0.7142857142857143,1.154494382022472,0.5325842696629214,62.78125,0.4934994582881907,0.5325842696629214,0.9852320675105484,6.78125,3.5625,0.0
Y,3,CHA,14,955,0.6875,0.4375,0.5714285714285714,1.2519553072625698,0.5335195530726257,66.65625,0.5063641394576647,0.5335195530726257,1.2156862745098038,7.53125,3.28125,0.5714285714285714
Y,4,CHA,16,971,0.7647058823529411,0.2941176470588235,0.5,1.178628389154705,0.5162147793726741,64.55882352941177,0.5294426919032598,0.5162147793726741,1.004024144869215,8.205882352941176,3.3823529411764706,0.0
N,5,CHA,18,872,0.5882352941176471,0.3529411764705882,0.4,1.1995412844036697,0.5,63.76470588235294,0.515527950310559,0.5,0.8893528183716075,6.176470588235294,3.941176470588236,0.5
N,6,CHA,28,925,0.2941176470588235,0.0588235294117647,0.2,1.095138525875588,0.483533716675379,68.67647058823529,0.558792372881356,0.483533716675379,0.9214953271028036,8.352941176470589,3.323529411764706,0.0
N,7,CHA,23,1094,0.4117647058823529,0.2352941176470588,0.3,1.1276400367309458,0.5022956841138659,75.61764705882354,0.5770125639832481,0.5022956841138659,0.9181184668989548,9.264705882352942,4.5588235294117645,0.3333333333333333
N,7,CHI,29,1037,0.1764705882352941,0.1176470588235294,0.2,1.0675862068965518,0.4767816091954023,79.02941176470588,0.5770843036795529,0.4767816091954023,0.9658444022770398,8.147058823529411,3.676470588235294,0.5
N,8,CHI,20,1165,0.3529411764705882,0.4705882352941176,0.3,1.108915239350022,0.5116381203337725,76.79411764705883,0.5461435577351761,0.5116381203337725,1.1705882352941177,7.705882352941177,3.294117647058824,0.3333333333333333
N,9,CHI,22,1127,0.4705882352941176,0.2352941176470588,0.5,1.177142857142857,0.5366666666666666,73.82352941176471,0.5265546981389015,0.5366666666666666,1.0438095238095235,7.911764705882353,4.382352941176471,0.5
N,10,CHI,18,1083,0.7058823529411765,0.2352941176470588,0.4545454545454545,1.204588014981273,0.5070224719101124,79.20588235294117,0.509475539885412,0.5070224719101124,1.0,7.323529411764706,4.0588235294117645,0.0
Y,1,CLE,15,934,0.8125,0.25,0.6190476190476191,1.1952954048140043,0.5109409190371991,66.3125,0.4957410562180579,0.5109409190371991,1.0018587360594795,8.09375,2.84375,0.8571428571428571
Y,2,CLE,10,959,0.875,0.5,0.7142857142857143,1.1322033898305084,0.5418079096045197,55.875,0.5106017191977077,0.5418079096045197,1.132882882882883,8.34375,2.59375,0.0
N,3,CLE,22,969,0.25,0.375,0.3333333333333333,1.137912087912088,0.5324175824175824,66.875,0.5005452562704471,0.5324175824175824,1.06430155210643,6.90625,2.59375,0.6
Y,4,CLE,17,1069,0.6470588235294118,0.3529411764705882,0.5416666666666666,1.128607594936709,0.5412658227848102,65.0,0.5210171250648676,0.5412658227848102,1.109442060085837,6.647058823529412,2.5294117647058822,0.6
Y,4,CON,16,1095,0.5882352941176471,0.4705882352941176,0.4583333333333333,1.1341579448144623,0.5209324452901998,70.8529411764706,0.5598859315589354,0.5209324452901998,1.1981566820276497,7.9411764705882355,3.264705882352941,0.0
Y,5,CON,16,1045,0.5882352941176471,0.4705882352941176,0.7,1.1384690394929302,0.5095075572891272,67.76470588235294,0.532565130260521,0.5095075572891272,1.238095238095238,8.794117647058824,2.823529411764706,1.0
Y,6,CON,8,1110,0.8235294117647058,0.7058823529411765,0.65,1.2217283950617284,0.5481481481481482,66.0,0.5133333333333333,0.5481481481481482,1.2676991150442478,6.941176470588236,3.823529411764706,0.3333333333333333
Y,7,CON,8,1268,0.8235294117647058,0.7058823529411765,0.75,1.2107400722021662,0.572202166064982,71.08823529411765,0.4891811624946967,0.572202166064982,1.2256809338521402,7.411764705882353,4.5,0.4
Y,8,CON,16,1222,0.4705882352941176,0.5882352941176471,0.5,1.1495487752470992,0.5251396648044693,76.26470588235294,0.5088476478204574,0.5251396648044693,1.1462962962962964,8.0,4.588235294117647,0.3333333333333333
Y,9,CON,13,1239,0.7647058823529411,0.4705882352941176,0.65,1.1767279090113736,0.541994750656168,74.73529411764706,0.5253940455341506,0.541994750656168,1.2464065708418892,6.205882352941177,2.8529411764705883,0.5
N,10,CON,18,1184,0.7058823529411765,0.2352941176470588,0.4545454545454545,1.1133977320453592,0.497270054598908,78.05882352941177,0.5697674418604651,0.497270054598908,1.3421633554083885,7.352941176470588,3.823529411764706,0.0
N,1,DET,18,985,0.5,0.375,0.4761904761904761,1.1772727272727272,0.4974747474747474,75.8125,0.4936451448906965,0.4974747474747474,0.9490566037735848,8.125,2.75,0.5
N,2,DET,22,945,0.375,0.25,0.3333333333333333,1.098746081504702,0.493730407523511,70.90625,0.5340228633641807,0.493730407523511,0.9417670682730924,7.03125,2.5625,0.3333333333333333
N,3,DET,23,1079,0.4375,0.125,0.2857142857142857,1.1016154247003649,0.5622720166753518,70.8125,0.4954637096774194,0.5622720166753518,0.8835489833641405,6.28125,4.125,0.75
Y,4,DET,9,1230,0.7647058823529411,0.7058823529411765,0.75,1.2739520958083832,0.6137724550898204,70.44117647058823,0.4654418197725284,0.6137724550898204,0.8963815789473685,7.735294117647059,4.647058823529412,0.0
Y,5,DET,17,1170,0.4705882352941176,0.5294117647058824,0.55,1.12827849308536,0.5579399141630901,70.02941176470588,0.5028598665395615,0.5579399141630901,1.0994152046783623,8.147058823529411,4.352941176470588,0.5
Y,6,DET,18,1215,0.7058823529411765,0.2352941176470588,0.55,1.090776699029126,0.5898058252427184,67.26470588235294,0.5233933161953728,0.5898058252427184,0.830122591943958,7.088235294117647,4.5588235294117645,0.3333333333333333
Y,7,DET,11,1286,0.8235294117647058,0.5294117647058824,0.7,1.1382882882882883,0.5792792792792792,70.11764705882354,0.5006928406466513,0.5792792792792792,1.0651769087523275,6.264705882352941,4.029411764705882,0.5555555555555556
Y,8,DET,10,1311,0.7058823529411765,0.7058823529411765,0.7,1.1928350287483414,0.5798319327731093,74.70588235294117,0.4814323607427055,0.5798319327731093,0.99822695035461,6.676470588235294,3.4411764705882355,0.3333333333333333
Y,9,DET,12,1248,0.8235294117647058,0.4705882352941176,0.8,1.1642701525054466,0.5437908496732026,74.17647058823529,0.504416550441655,0.5437908496732026,1.217741935483871,8.176470588235293,3.4705882352941178,0.3333333333333333
Y,10,DET,16,1226,0.6470588235294118,0.4117647058823529,0.5,1.1646903820816863,0.5384277558190602,77.76470588235294,0.5002271694684235,0.5384277558190602,1.0531135531135531,7.676470588235294,2.8529411764705883,0.625
Y,1,HOU,5,997,0.875,0.8125,0.8095238095238095,1.3067581837381204,0.5263991552270327,64.5625,0.4654282765737874,0.5263991552270327,1.1227272727272728,8.875,3.25,0.3333333333333333
Y,2,HOU,13,1058,0.6875,0.5,0.6190476190476191,1.0728511530398324,0.5545073375262054,62.3125,0.5215082315454063,0.5545073375262054,0.9770642201834864,7.84375,2.96875,0.4
Y,3,HOU,8,1001,0.875,0.625,0.7619047619047619,1.1653543307086611,0.562992125984252,59.125,0.5175531914893617,0.562992125984252,0.989010989010989,8.125,3.9375,0.0
Y,4,HOU,14,1030,0.8235294117647058,0.3529411764705882,0.5833333333333334,1.1711899791231732,0.5375782881002088,63.0,0.4955665024630541,0.5375782881002088,1.0333333333333334,6.794117647058823,3.794117647058824,0.75
N,5,HOU,21,1035,0.5294117647058824,0.2352941176470588,0.3181818181818182,1.1262286601138127,0.5354371443352303,65.02941176470588,0.525398406374502,0.5354371443352303,0.9318181818181818,7.117647058823529,3.147058823529412,0.3333333333333333
Y,6,HOU,15,960,0.6470588235294118,0.4705882352941176,0.5,1.2026041666666667,0.5,66.55882352941177,0.4943415637860082,0.5,1.0988235294117648,7.235294117647059,3.088235294117647,0.5
Y,7,HOU,16,1125,0.7058823529411765,0.3529411764705882,0.55,1.1949475691134417,0.5362249761677789,72.02941176470588,0.503584229390681,0.5362249761677789,0.939929328621908,7.411764705882353,2.4705882352941178,0.625
N,8,HOU,21,1144,0.4117647058823529,0.3529411764705882,0.4545454545454545,1.1679851093531874,0.5323406235458352,77.29411764705883,0.4853881278538813,0.5323406235458352,0.8815165876777251,8.5,3.2058823529411766,0.0
N,9,HOU,17,1179,0.7647058823529411,0.2352941176470588,0.5,1.157252598282874,0.5327609579755987,76.6470588235294,0.4995425434583714,0.5327609579755987,0.9282136894824708,8.676470588235293,3.5294117647058822,0.5
N,1,IND,23,932,0.3125,0.25,0.3333333333333333,1.2040261153427638,0.5070729053318824,71.5625,0.5107066381156317,0.5070729053318824,0.9671814671814672,8.46875,3.9375,0.3333333333333333
N,2,IND,22,935,0.4375,0.1875,0.3333333333333333,1.181668496158068,0.513172338090011,70.28125,0.5086887835703001,0.513172338090011,0.9327902240325866,7.5625,3.6875,0.4
Y,3,IND,16,948,0.625,0.375,0.5714285714285714,1.149041095890411,0.5194520547945205,66.53125,0.5129334067143644,0.5194520547945205,1.0205479452054795,8.375,3.125,0.0
N,4,IND,18,988,0.6470588235294118,0.2941176470588235,0.5,1.1621084037792144,0.4912978617603182,68.26470588235294,0.5167714884696016,0.4912978617603182,1.1371308016877637,8.794117647058824,3.5588235294117645,0.875
N,5,IND,19,1101,0.5882352941176471,0.2941176470588235,0.4,1.092988562904028,0.5474888115365489,66.02941176470588,0.5195710455764075,0.5474888115365489,1.1419753086419753,7.676470588235294,3.941176470588236,0.0
Y,6,IND,13,1012,0.8235294117647058,0.4117647058823529,0.7,1.1082737487231868,0.5168539325842697,62.73529411764706,0.5506117908787542,0.5168539325842697,1.0335429769392033,9.882352941176473,2.794117647058824,0.4
Y,7,IND,13,1094,0.7058823529411765,0.5294117647058824,0.6,1.1357276119402986,0.5102611940298507,68.11764705882354,0.5193343122858541,0.5102611940298507,0.9488636363636364,10.411764705882351,2.735294117647059,0.0
Y,8,IND,13,1153,0.7058823529411765,0.5294117647058824,0.6,1.1444393170281495,0.5320719889247808,69.70588235294117,0.531021897810219,0.5320719889247808,0.8675721561969439,9.058823529411764,4.0,0.6666666666666666
Y,9,IND,17,1127,0.6470588235294118,0.3529411764705882,0.6,1.134924277191372,0.5172097292335934,72.26470588235294,0.5505406676069582,0.5172097292335934,0.8547008547008547,9.529411764705882,4.852941176470588,0.0
Y,10,IND,12,1122,0.8235294117647058,0.4705882352941176,0.7727272727272727,1.178119349005425,0.5072332730560579,73.55882352941177,0.5509915014164306,0.5072332730560579,0.992467043314501,10.970588235294118,3.4411764705882355,0.7
Y,1,LAS,4,1091,0.9375,0.8125,0.8095238095238095,1.235685071574642,0.5577709611451943,67.78125,0.4982170147733061,0.5577709611451943,1.257510729613734,8.46875,4.875,0.0
Y,2,LAS,4,1105,1.0,0.75,0.9047619047619048,1.2018709995076318,0.5440669620876416,67.6875,0.4639798488664987,0.5440669620876416,1.360730593607306,8.78125,4.3125,0.6
Y,3,LAS,7,1143,0.75,0.8125,0.8095238095238095,1.2247752247752248,0.570929070929071,69.84375,0.4700980392156862,0.570929070929071,1.127659574468085,8.03125,5.03125,0.3333333333333333
Y,4,LAS,10,1149,0.6470588235294118,0.7647058823529411,0.7083333333333334,1.1677570093457943,0.5369158878504673,71.52941176470588,0.5146716348393107,0.5369158878504673,1.248936170212766,7.117647058823529,4.735294117647059,0.3333333333333333
Y,5,LAS,9,1121,0.8823529411764706,0.5882352941176471,0.7272727272727273,1.2058965683905267,0.541807636539391,69.44117647058823,0.5088305489260143,0.541807636539391,1.183364839319471,7.705882352941177,4.352941176470588,0.5454545454545454
Y,6,LAS,17,1004,0.6470588235294118,0.3529411764705882,0.5454545454545454,1.139079333986288,0.4916748285994123,68.97058823529412,0.5324808184143223,0.4916748285994123,1.1199186991869918,7.764705882352941,4.0,0.3333333333333333
Y,7,LAS,9,1202,0.8823529411764706,0.5882352941176471,0.75,1.173120728929385,0.5476082004555809,72.82352941176471,0.4954212454212454,0.5476082004555809,1.142322097378277,8.705882352941176,3.794117647058824,0.5
N,8,LAS,24,1139,0.2941176470588235,0.2941176470588235,0.2727272727272727,1.0989154013015183,0.4941431670281995,79.6470588235294,0.533001808318264,0.4941431670281995,0.9702276707530648,7.205882352941177,3.147058823529412,0.0
Y,9,LAS,14,1282,0.7058823529411765,0.4705882352941176,0.6,1.155693950177936,0.5702846975088968,74.20588235294117,0.4878787878787878,0.5702846975088968,1.0082236842105263,7.382352941176471,6.352941176470588,0.7777777777777778
Y,10,LAS,16,1248,0.6470588235294118,0.4117647058823529,0.55,1.118816254416961,0.5512367491166078,73.47058823529412,0.4641909814323607,0.5512367491166078,1.033450704225352,6.382352941176471,4.882352941176471,0.3333333333333333
N,1,MIA,19,960,0.5625,0.25,0.4285714285714285,1.032130777903044,0.5411499436302142,62.53125,0.5507159904534606,0.5411499436302142,0.7919847328244275,8.5,2.75,0.4
Y,2,MIA,12,943,0.625,0.625,0.6666666666666666,1.0717415115005475,0.5164293537787513,59.3125,0.5611594202898551,0.5164293537787513,1.0424107142857142,9.375,4.78125,0.4444444444444444
N,3,MIA,17,869,0.5625,0.375,0.5238095238095238,1.1023706896551724,0.4682112068965517,65.25,0.5638792102206737,0.4682112068965517,1.0942528735632184,8.5625,3.0,0.3333333333333333
N,1,MIN,17,870,0.5,0.4375,0.238095238095238,1.1977061714909885,0.4751501911523758,68.375,0.555745164960182,0.4751501911523758,0.9959758551307848,7.40625,1.96875,0.5
N,2,MIN,20,1001,0.375,0.375,0.4285714285714285,1.1475138121546962,0.5530386740331492,67.375,0.527244421380384,0.5530386740331492,0.8619329388560157,6.5625,3.96875,0.3333333333333333
N,3,MIN,22,959,0.4375,0.1875,0.2857142857142857,1.1284507042253522,0.540281690140845,65.75,0.5058107360265633,0.540281690140845,0.8809073724007561,7.0625,3.1875,0.7777777777777778
Y,4,MIN,16,1079,0.6470588235294118,0.4117647058823529,0.5833333333333334,1.2032355915065722,0.5455005055611729,69.70588235294117,0.4784712143202709,0.5455005055611729,1.039426523297491,7.117647058823529,2.9705882352941178,0.3333333333333333
Y,5,MIN,16,1056,0.6470588235294118,0.4117647058823529,0.5454545454545454,1.1394736842105264,0.5557894736842105,64.41176470588235,0.5253549695740365,0.5557894736842105,0.8580750407830342,7.558823529411764,4.088235294117647,0.5
N,6,MIN,20,1025,0.6470588235294118,0.1764705882352941,0.4090909090909091,1.1361767728674204,0.5267214799588901,67.29411764705883,0.5225359088657752,0.5267214799588901,0.9906716417910448,7.588235294117647,3.735294117647059,0.3333333333333333
N,7,MIN,24,1144,0.4705882352941176,0.1176470588235294,0.3,1.141112618724559,0.5174129353233831,80.44117647058823,0.5203111495246326,0.5174129353233831,0.9264150943396228,5.676470588235294,3.323529411764706,0.6
N,8,MIN,24,1182,0.4117647058823529,0.1764705882352941,0.3636363636363636,1.11932059447983,0.5019108280254777,80.94117647058823,0.5093394077448747,0.5019108280254777,1.0623885918003566,7.0,2.794117647058824,0.0
N,9,MIN,18,1145,0.5294117647058824,0.4117647058823529,0.4,1.2014763352149371,0.4971775944420321,80.02941176470588,0.5459459459459459,0.4971775944420321,1.180084745762712,9.088235294117649,3.852941176470588,0.6
N,10,MIN,20,1087,0.5294117647058824,0.2941176470588235,0.35,1.2100132919805051,0.4816127603012849,83.1470588235294,0.5154867256637168,0.4816127603012849,0.9922027290448344,8.852941176470589,3.764705882352941,0.3333333333333333
Y,1,NYL,12,940,0.75,0.5,0.6666666666666666,1.1834710743801653,0.5179063360881543,63.59375,0.530735455543359,0.5179063360881543,1.0063291139240509,7.6875,3.1875,0.6363636363636364
Y,2,NYL,11,915,0.8125,0.5,0.6190476190476191,1.1827133479212253,0.50054704595186,65.0625,0.5588402501421262,0.50054704595186,1.265446224256293,8.28125,2.5625,0.3333333333333333
Y,3,NYL,14,870,0.625,0.5,0.5238095238095238,1.200574712643678,0.5,62.96875,0.5545297172533179,0.5,1.0829694323144106,8.15625,3.125,0.5
N,4,NYL,18,957,0.6470588235294118,0.2941176470588235,0.4583333333333333,1.1664066562662507,0.4976599063962558,66.3529411764706,0.5421133231240429,0.4976599063962558,1.1212765957446809,7.705882352941177,3.764705882352941,0.0
Y,5,NYL,16,1004,0.6470588235294118,0.4117647058823529,0.5,1.165631469979296,0.5196687370600414,67.55882352941177,0.5252862595419847,0.5196687370600414,1.065217391304348,6.147058823529412,3.647058823529412,0.0
Y,6,NYL,16,974,0.5882352941176471,0.4705882352941176,0.45,1.2451612903225806,0.5236559139784946,67.20588235294117,0.5119284294234593,0.5236559139784946,1.077922077922078,6.294117647058823,3.294117647058824,0.0
N,7,NYL,23,1021,0.4117647058823529,0.2352941176470588,0.35,1.1464475592073466,0.4934751087481875,78.11764705882354,0.5448211797491872,0.4934751087481875,0.8246527777777778,7.411764705882353,3.294117647058824,0.0
Y,8,NYL,18,1075,0.5882352941176471,0.3529411764705882,0.5,1.156205079060853,0.515093435553426,73.55882352941177,0.5465587044534413,0.515093435553426,0.8169934640522876,8.5,3.2058823529411766,0.0
Y,9,NYL,15,1105,0.6470588235294118,0.4705882352941176,0.55,1.186808118081181,0.5096863468634686,74.6470588235294,0.5432269995376792,0.5096863468634686,1.0073126142595978,8.529411764705882,3.4411764705882355,0.0
N,10,NYL,21,1082,0.4705882352941176,0.2941176470588235,0.4090909090909091,1.1586715867158672,0.4990774907749077,74.55882352941177,0.5572554473806213,0.4990774907749077,0.9686924493554327,8.117647058823529,3.5588235294117645,0.0
Y,1,ORL,16,925,0.6875,0.3125,0.6190476190476191,1.1554160125588695,0.4840397697540555,69.78125,0.5178207739307535,0.4840397697540555,0.9732510288065844,7.96875,4.0625,0.0
N,2,ORL,19,970,0.625,0.1875,0.4285714285714285,1.118077324973877,0.5067920585161965,68.90625,0.5324959038776624,0.5067920585161965,0.849624060150376,10.0,3.90625,0.0
N,3,ORL,16,915,0.625,0.375,0.6190476190476191,1.1776384535005224,0.4780564263322884,70.46875,0.5617615467239527,0.4780564263322884,0.9780701754385964,9.21875,3.53125,0.0
Y,1,PHO,12,894,0.6875,0.5625,0.5238095238095238,1.2461111111111112,0.4966666666666666,65.6875,0.5300875273522976,0.4966666666666666,1.083916083916084,8.90625,2.84375,0.0
N,2,PHO,19,942,0.625,0.1875,0.3809523809523809,1.0897571277719114,0.4973600844772967,67.78125,0.5449260042283298,0.4973600844772967,0.9903660886319846,9.125,4.3125,0.0
N,3,PHO,21,918,0.625,0.0625,0.3333333333333333,1.1069348861831656,0.4859714134462679,71.59375,0.5352941176470588,0.4859714134462679,0.8522954091816367,8.34375,2.9375,0.0
N,4,PHO,26,1000,0.3529411764705882,0.1176470588235294,0.2083333333333333,1.0009546539379477,0.477326968973747,66.76470588235294,0.5966791644349223,0.477326968973747,0.9624217118997912,9.117647058823527,3.264705882352941,0.0
N,5,PHO,17,916,0.5882352941176471,0.4117647058823529,0.5,1.1966701352757545,0.4765868886576482,65.73529411764706,0.5528455284552846,0.4765868886576482,1.0797413793103448,8.294117647058824,4.029411764705882,0.0
N,6,PHO,18,1062,0.6470588235294118,0.2941176470588235,0.5454545454545454,1.1840521564694082,0.5325977933801405,69.23529411764706,0.5137982940291018,0.5325977933801405,1.0618955512572534,7.147058823529412,5.264705882352941,0.0
N,7,PHO,16,1145,0.5882352941176471,0.4705882352941176,0.4,1.2161051766639277,0.4704190632703369,84.67647058823529,0.5436440677966101,0.4704190632703369,1.4479638009049771,8.088235294117647,3.735294117647059,0.0
Y,8,PHO,11,1152,0.7058823529411765,0.6470588235294118,0.7727272727272727,1.25051674245556,0.4762298470442331,85.41176470588235,0.55027711797308,0.4762298470442331,1.4053497942386832,8.382352941176471,4.676470588235294,0.0
N,9,PHO,18,1226,0.5882352941176471,0.3529411764705882,0.4,1.2112676056338028,0.4933601609657947,88.5,0.5276422764227642,0.4933601609657947,1.1451942740286298,6.823529411764706,4.588235294117647,0.0
Y,10,PHO,11,1190,0.7058823529411765,0.6470588235294118,0.65,1.2860635696821516,0.4849225753871231,89.1470588235294,0.4976762199845081,0.4849225753871231,1.25,6.617647058823529,5.323529411764706,0.0
N,1,POR,22,936,0.375,0.25,0.1904761904761904,1.1788840262582057,0.5120350109409191,71.96875,0.5159718462371413,0.5120350109409191,0.8094435075885329,8.28125,2.90625,0.0
N,2,POR,21,996,0.375,0.3125,0.238095238095238,1.1041776837652035,0.5267054468535166,68.8125,0.5689300411522634,0.5267054468535166,0.902,7.625,3.3125,0.0
N,3,POR,16,948,0.5625,0.4375,0.3809523809523809,1.1250640697078422,0.4859046642747309,69.59375,0.5368700265251989,0.4859046642747309,0.9979716024340772,7.46875,3.75,0.0
Y,1,SAC,11,1038,0.8125,0.5,0.6190476190476191,1.1756146512794785,0.520822880080281,68.0,0.4958289885297184,0.520822880080281,1.237991266375546,10.375,4.90625,0.0
Y,2,SAC,12,1097,0.75,0.5,0.6190476190476191,1.1621073961499493,0.5557244174265451,66.84375,0.5017473789316026,0.5557244174265451,1.1295546558704452,8.625,4.9375,0.0
N,3,SAC,18,949,0.625,0.25,0.3809523809523809,1.113624678663239,0.4879177377892031,71.6875,0.5529835390946503,0.4879177377892031,1.0964912280701755,7.71875,3.40625,0.0
Y,4,SAC,15,1067,0.7058823529411765,0.4117647058823529,0.5416666666666666,1.091124822021832,0.50640721404841,65.17647058823529,0.5504771471622301,0.50640721404841,1.2321041214750543,8.735294117647058,3.588235294117647,0.0
Y,5,SAC,16,1024,0.5882352941176471,0.4705882352941176,0.5454545454545454,1.1158301158301158,0.4942084942084942,65.91176470588235,0.5267094017094017,0.4942084942084942,1.0701030927835051,9.235294117647058,3.4705882352941178,0.0
Y,6,SAC,9,1043,0.8823529411764706,0.5882352941176471,0.7727272727272727,1.1727089627391742,0.5251762336354482,61.55882352941177,0.5304443225452551,0.5251762336354482,1.054,8.941176470588236,3.176470588235294,0.0
Y,7,SAC,13,1138,0.8235294117647058,0.4117647058823529,0.5,1.1584474885844749,0.5196347031963471,70.70588235294117,0.5042058386937159,0.5196347031963471,0.9391143911439116,9.705882352941176,2.588235294117647,0.0
Y,8,SAC,15,1175,0.7058823529411765,0.4117647058823529,0.5454545454545454,1.1413730803974709,0.530713640469738,72.94117647058823,0.4930321960595867,0.530713640469738,0.8788870703764321,9.558823529411764,2.9705882352941178,0.0
Y,9,SAC,16,1109,0.7647058823529411,0.2941176470588235,0.45,1.1787864752200092,0.5136637332098194,75.61764705882354,0.5051691729323309,0.5136637332098194,0.8071672354948806,9.382352941176473,2.264705882352941,0.0
N,10,SAC,22,1154,0.4117647058823529,0.2941176470588235,0.3,1.1896080218778486,0.5259799453053783,79.11764705882354,0.4628545700135074,0.5259799453053783,0.9246575342465754,8.5,2.8823529411764706,0.0
N,4,SAS,22,1145,0.5294117647058824,0.1764705882352941,0.4166666666666667,1.071083172147002,0.5536750483558994,71.38235294117646,0.5386029411764706,0.5536750483558994,0.834307992202729,5.5,4.911764705882353,0.0
N,5,SAS,25,1003,0.3529411764705882,0.1764705882352941,0.2727272727272727,1.129381443298969,0.5170103092783506,69.52941176470588,0.5162256615077384,0.5170103092783506,0.9610136452241717,8.0,3.117647058823529,0.0
N,6,SAS,27,946,0.2941176470588235,0.1176470588235294,0.1363636363636363,1.1680305510092743,0.5160938352427714,70.61764705882354,0.5123846527440505,0.5160938352427714,0.8093457943925234,5.735294117647059,2.647058823529412,0.0
N,7,SAS,21,1168,0.3529411764705882,0.4117647058823529,0.5,1.1188470066518847,0.517960088691796,76.55882352941177,0.5468611847922192,0.517960088691796,1.1065573770491803,7.235294117647059,2.4411764705882355,0.0
Y,8,SAS,14,1087,0.5294117647058824,0.6470588235294118,0.5909090909090909,1.1567095588235294,0.4995404411764705,73.05882352941177,0.5315568022440392,0.4995404411764705,1.0161290322580645,8.323529411764707,3.823529411764706,0.0
Y,9,SAS,10,1093,0.8823529411764706,0.5294117647058824,0.5,1.2240384615384616,0.5254807692307693,71.11764705882354,0.5310435931307794,0.5254807692307693,1.1447619047619049,8.0,4.411764705882353,0.0
Y,10,SAS,19,1049,0.5882352941176471,0.2941176470588235,0.5,1.1940639269406392,0.4789954337899543,78.26470588235294,0.5212812637121544,0.4789954337899543,1.174852652259332,7.558823529411764,3.411764705882353,0.0
N,1,SEA,26,793,0.25,0.125,0.1904761904761904,1.047126436781609,0.4557471264367816,67.84375,0.5862870424171993,0.4557471264367816,0.7428571428571429,7.96875,2.90625,0.0
N,2,SEA,22,891,0.3125,0.3125,0.2857142857142857,1.054914881933004,0.4892915980230642,64.0,0.6011428571428571,0.4892915980230642,0.9559164733178654,8.53125,3.96875,0.0
Y,3,SEA,15,995,0.625,0.4375,0.4761904761904761,1.1232032854209446,0.5107802874743327,65.71875,0.533003300330033,0.5107802874743327,1.0775681341719077,8.8125,4.71875,0.0
N,4,SEA,16,1074,0.7647058823529411,0.2941176470588235,0.4583333333333333,1.1677261613691932,0.5251833740831295,66.88235294117646,0.510544384502207,0.5251833740831295,1.178494623655914,6.823529411764706,4.0588235294117645,0.0
Y,5,SEA,14,1059,0.7647058823529411,0.4117647058823529,0.5909090909090909,1.2034567901234567,0.522962962962963,66.58823529411765,0.4937154348919055,0.522962962962963,1.1062124248496994,8.882352941176471,3.852941176470588,0.0
Y,6,SEA,14,1099,0.8235294117647058,0.3529411764705882,0.5909090909090909,1.2090997095837366,0.531945788964182,70.79411764705883,0.4715672676837725,0.531945788964182,1.007751937984496,5.911764705882353,4.647058823529412,0.0
Y,7,SEA,16,1148,0.5294117647058824,0.5294117647058824,0.5,1.2448210922787193,0.5404896421845574,75.73529411764706,0.4648331830477908,0.5404896421845574,0.9017543859649124,6.823529411764706,3.735294117647059,0.0
Y,8,SEA,17,1164,0.7058823529411765,0.2941176470588235,0.5,1.23710407239819,0.5266968325791855,77.8529411764706,0.4713485566566135,0.5266968325791855,1.0,7.117647058823529,4.441176470588236,0.0
Y,9,SEA,12,1162,0.9411764705882352,0.3529411764705882,0.65,1.1803977272727273,0.5501893939393939,70.76470588235294,0.5046210720887245,0.5501893939393939,1.0076045627376429,7.911764705882353,4.117647058823529,0.0
Y,10,SEA,14,1104,0.7647058823529411,0.4117647058823529,0.65,1.2022684310018903,0.5217391304347826,72.82352941176471,0.5013953488372093,0.5217391304347826,0.9657657657657658,8.117647058823529,4.411764705882353,0.0
N,1,UTA,14,1080,0.75,0.375,0.6190476190476191,1.2726793248945147,0.569620253164557,75.21875,0.4638492871690428,0.569620253164557,0.9595588235294118,6.6875,4.90625,0.0
Y,2,UTA,13,1070,0.5625,0.625,0.5238095238095238,1.1936181719848566,0.578691184424013,68.5,0.492914979757085,0.578691184424013,1.0628803245436105,6.3125,4.875,0.0
Y,3,UTA,12,1068,0.75,0.5,0.5714285714285714,1.2653061224489797,0.5588697017268446,73.25,0.4866956942428641,0.5588697017268446,0.9157088122605364,7.125,5.5625,0.0
Y,1,WAS,18,946,0.4375,0.4375,0.6190476190476191,1.2002206287920574,0.5217870932156646,69.40625,0.4858666666666666,0.5217870932156646,1.0296442687747036,7.65625,3.9375,0.0
N,2,WAS,22,1055,0.5,0.125,0.1904761904761904,1.0067885117493474,0.5509138381201044,64.84375,0.5491002570694088,0.5509138381201044,0.8565656565656565,8.03125,3.96875,0.0
Y,3,WAS,15,1038,0.5625,0.5,0.5714285714285714,1.117801047120419,0.543455497382199,66.125,0.5197057277982133,0.543455497382199,1.134065934065934,6.90625,2.9375,0.0
N,4,WAS,25,1085,0.1764705882352941,0.3529411764705882,0.2916666666666667,1.063441350981287,0.4952076677316294,73.47058823529412,0.5484505656665027,0.4952076677316294,1.229437229437229,6.264705882352941,2.911764705882353,0.0
Y,5,WAS,17,1063,0.6470588235294118,0.3529411764705882,0.45,1.113505747126437,0.5090996168582376,70.11764705882354,0.5494287133631396,0.5090996168582376,1.1014150943396226,7.5,3.764705882352941,0.0
N,6,WAS,18,943,0.5882352941176471,0.3529411764705882,0.45,1.1498983739837398,0.4791666666666667,67.79411764705883,0.5470085470085471,0.4791666666666667,1.1885057471264369,7.647058823529412,2.235294117647059,0.0
Y,7,WAS,16,1100,0.7647058823529411,0.2941176470588235,0.6,1.2492041837198726,0.5002273760800364,78.1470588235294,0.4952426260704091,0.5002273760800364,1.064695009242144,9.0,3.323529411764706,0.0
N,8,WAS,18,1118,0.4705882352941176,0.4705882352941176,0.4,1.1912442396313363,0.5152073732718894,77.61764705882354,0.5451263537906137,0.5152073732718894,0.8266199649737302,8.294117647058824,3.911764705882353,0.0
N,9,WAS,24,1132,0.3529411764705882,0.2352941176470588,0.3,1.111215391834819,0.5312060065696856,76.5,0.521469465648855,0.5312060065696856,0.7582417582417582,7.088235294117647,2.735294117647059,0.0
Y,10,WAS,18,1191,0.6470588235294118,0.2941176470588235,0.4545454545454545,1.1723356009070294,0.5401360544217687,77.11764705882354,0.5086996336996337,0.5401360544217687,0.7462932454695222,9.235294117647058,3.4705882352941178,0.0
